locus_id	sample_id	cohort_role	genotype	allele_supported	depth	allele_fraction	evidence_class
PPX00000001	T1	target	0/1	true	NA	NA	support
PPX00000001	T2	target	0/1	true	NA	NA	support
PPX00000001	O1	off_target	0/0	false	NA	NA	absence
PPX00000001	O2	off_target	0/0	false	NA	NA	absence
PPX00000001	O3	off_target	0/0	false	NA	NA	absence
PPX00000006	T1	target	0/1	true	NA	NA	support
PPX00000006	T2	target	0/1	true	NA	NA	support
PPX00000006	O1	off_target	0/0	false	NA	NA	absence
PPX00000006	O2	off_target	0/0	false	NA	NA	absence
PPX00000006	O3	off_target	0/0	false	NA	NA	absence
PPX00000007	T1	target	0/1	true	NA	NA	support
PPX00000007	T2	target	0/1	true	NA	NA	support
PPX00000007	O1	off_target	0/0	false	NA	NA	absence
PPX00000007	O2	off_target	0/0	false	NA	NA	absence
PPX00000007	O3	off_target	0/0	false	NA	NA	absence
PPX00000005	T1	target	0/1	true	NA	NA	support
PPX00000005	T2	target	0/1	true	NA	NA	support
PPX00000005	O1	off_target	0/0	false	NA	NA	absence
PPX00000005	O2	off_target	0/0	false	NA	NA	absence
PPX00000005	O3	off_target	0/0	false	NA	NA	absence
PPX00000003	T1	target	0/1	true	NA	NA	support
PPX00000003	T2	target	0/1	true	NA	NA	support
PPX00000003	O1	off_target	0/0	false	NA	NA	absence
PPX00000003	O2	off_target	0/0	false	NA	NA	absence
PPX00000003	O3	off_target	./.	false	NA	NA	uninformative
PPX00000002	T1	target	0/1	true	NA	NA	support
PPX00000002	T2	target	./.	false	NA	NA	uninformative
PPX00000002	O1	off_target	0/0	false	NA	NA	absence
PPX00000002	O2	off_target	0/0	false	NA	NA	absence
PPX00000002	O3	off_target	0/0	false	NA	NA	absence
PPX00000004	T1	target	0/1	true	NA	NA	support
PPX00000004	T2	target	./.	false	NA	NA	uninformative
PPX00000004	O1	off_target	0/0	false	NA	NA	absence
PPX00000004	O2	off_target	0/0	false	NA	NA	absence
PPX00000004	O3	off_target	./.	false	NA	NA	uninformative
